epoch,accuracy,loss,val_accuracy,val_loss
7,96.5,0.0017566637955605984,95.125,0.0028038048930466176
8,97.9,0.0012026993720792233,95.125,0.0025737513508647682
9,98.3,0.001118097525089979,95.5,0.0024879683740437033
10,98.1,0.0010807913215830922,95.625,0.002387006524950266

Train Accuracy: 98.3
Test Accuracy: 95.625

ClassName,Accuracy
cats,97.25
dogs,94.0
